{"cameraMode":{"drawMode":0,"name":"Shaded","section":"Shading Mode"},"sceneLighting":true,"audioPlay":false,"sceneViewState":{"showFog":true,"showMaterialUpdate":true,"showSkybox":true,"showFlares":true,"showImageEffects":true,"showParticleSystems":true},"in2DMode":false,"pivot":{"x":0.2543048858642578,"y":0.2768326997756958,"z":0.22277122735977174},"rotation":{"x":-0.29117000102996828,"y":0.4852198362350464,"z":-0.1753665655851364,"w":-0.8056333065032959},"size":1.6505827903747559,"orthographic":false}